id;secteur;sous_secteur;code;nom;version;date_debut;date_fin
AGRI-EQ-101vA14-1;AGRI;EQ;AGRI-EQ-101;Module d'intégration de température installé sur un ordinateur climatique;A14-1;2015-01-01;
AGRI-EQ-102vA65-2;AGRI;EQ;AGRI-EQ-102;Double écran thermique;A65-2;2025-04-01;
AGRI-EQ-104vA62-2;AGRI;EQ;AGRI-EQ-104;Ecrans thermiques latéraux;A62-2;2025-01-01;
AGRI-EQ-105vA28-1;AGRI;EQ;AGRI-EQ-105;Stop & Start pour véhicules agricoles à moteur;A28-1;2018-12-06;
AGRI-EQ-106vA32-1;AGRI;EQ;AGRI-EQ-106;Régulation de la ventilation des silos et des installations de stockage en vrac de céréales;A32-1;2020-01-10;
AGRI-EQ-107vA38-1;AGRI;EQ;AGRI-EQ-107;Isolation des parois de serre;A38-1;2023-06-13;
AGRI-EQ-108vA58-2;AGRI;EQ;AGRI-EQ-108;Stockage d'eau pour une serre bioclimatique;A58-2;2015-01-01;
AGRI-EQ-109vA58-2;AGRI;EQ;AGRI-EQ-109;Couverture performante de serre;A58-2;2015-01-01;
AGRI-EQ-110vA38-1;AGRI;EQ;AGRI-EQ-110;Séchage solaire par insufflation des produits et co-produits agricoles et forestiers utilisant des panneaux solaires hybrides;A38-1;2018-12-06;
AGRI-EQ-111vA62-1;AGRI;EQ;AGRI-EQ-111;Simple écran thermique;A62-1;2024-08-31;
AGRI-EQ-112vA65-2;AGRI;EQ;AGRI-EQ-112;Double paroi gonflable;A65-2;2025-01-01;
AGRI-SE-101vA40-2;AGRI;SE;AGRI-SE-101;Contrôle et préconisations de réglage du moteur d'un tracteur;A40-2;2016-02-08;
AGRI-TH-101vA62-2;AGRI;TH;AGRI-TH-101;Dispositif de stockage d'eau chaude de type « Open Buffer »;A62-2;2025-01-01;
AGRI-TH-102vA14-1;AGRI;TH;AGRI-TH-102;Dispositif de stockage d'eau chaude;A14-1;2015-01-01;
AGRI-TH-103vA15-1;AGRI;TH;AGRI-TH-103;Pré-refroidisseur de lait;A15-1;2015-01-01;
AGRI-TH-104vA35-1;AGRI;TH;AGRI-TH-104;Système de récupération de chaleur sur un groupe de production de froid hors tanks à lait;A35-1;2020-07-24;
AGRI-TH-105vA16-1;AGRI;TH;AGRI-TH-105;Récupérateur de chaleur sur tank à lait;A16-1;2015-01-01;
AGRI-TH-108vA35-2;AGRI;TH;AGRI-TH-108;Pompe à chaleur de type air/eau ou eau/eau;A35-2;2020-07-24;
AGRI-TH-109vA54-2;AGRI;TH;AGRI-TH-109;Récupérateur de chaleur à condensation pour serres horticoles;A54-2;2017-12-22;
AGRI-TH-110vA54-3;AGRI;TH;AGRI-TH-110;Chaudière à haute performance énergétique pour serres horticoles;A54-3;2015-01-01;
AGRI-TH-113vA14-1;AGRI;TH;AGRI-TH-113;Échangeur récupérateur de chaleur air/air dans un bâtiment d'élevage de volailles;A14-1;2015-01-01;
AGRI-TH-116vA17-1;AGRI;TH;AGRI-TH-116;Récupération de chaleur fatale issue d'un procédé industriel pour le chauffage d'une serre ou d'un bâtiment d'élevage;A17-1;2015-01-01;2020-04-01
AGRI-TH-117vA65-2;AGRI;TH;AGRI-TH-117;Déshumidificateur thermodynamique pour serres;A65-2;2025-04-01;
AGRI-TH-118vA14-1;AGRI;TH;AGRI-TH-118;Double tube de chauffage pour serres;A14-1;2015-01-01;
AGRI-TH-119vA65-2;AGRI;TH;AGRI-TH-119;Système de déshumidification avec air extérieur;A65-2;2025-04-01;
AGRI-UT-101vA24-1;AGRI;UT;AGRI-UT-101;Moto-variateur synchrone à aimants permanents ou à reluctance;A24-1;2016-12-14;
AGRI-UT-102vA22-1;AGRI;UT;AGRI-UT-102;Système de variation électronique de vitesse sur un moteur asynchrone;A22-1;2016-06-02;
AGRI-UT-103vA19-1;AGRI;UT;AGRI-UT-103;Système de régulation sur un groupe de production de froid permettant d'avoir une basse pression flottante;A19-1;2015-01-01;
AGRI-UT-104vA23-1;AGRI;UT;AGRI-UT-104;Système de régulation sur un groupe de production de froid permettant d'avoir une haute pression flottante;A23-1;2016-10-20;
BAR-EN-101vA64-6;BAR;EN;BAR-EN-101;Isolation de combles ou de toitures;A64-6;2025-01-01;
BAR-EN-102vA65-4;BAR;EN;BAR-EN-102;Isolation des murs;A65-4;2025-01-01;
BAR-EN-103vA64-6;BAR;EN;BAR-EN-103;Isolation d'un plancher;A64-6;2025-01-01;
BAR-EN-104vA54-2;BAR;EN;BAR-EN-104;Fenêtre ou porte-fenêtre complète avec vitrage isolant;A54-2;2022-09-26;
BAR-EN-105vA64-4;BAR;EN;BAR-EN-105;Isolation des toitures terrasses;A64-4;2025-01-01;
BAR-EN-106vA64-5;BAR;EN;BAR-EN-106;Isolation de combles ou de toitures (France d'outre-mer);A64-5;2025-01-01;
BAR-EN-107vA64-4;BAR;EN;BAR-EN-107;Isolation des murs (France d'outre-mer);A64-4;2025-01-01;
BAR-EN-108vA54-3;BAR;EN;BAR-EN-108;Fermeture isolante;A54-3;2015-01-01;
BAR-EN-109vA24-1;BAR;EN;BAR-EN-109;Réduction des apports solaires par la toiture (France d'outre-mer);A24-1;2016-12-14;
BAR-EN-110vA35-1;BAR;EN;BAR-EN-110;Fenêtre ou porte-fenêtre complète avec vitrage pariétodynamique;A35-1;2020-07-24;
BAR-EQ-101vA14-1;BAR;EQ;BAR-EQ-101;Lampe fluo-compacte de classe A;A14-1;2015-01-01;2017-10-01
BAR-EQ-102vA15-1;BAR;EQ;BAR-EQ-102;Lave-linge ménager de classe A++ ou A+++;A15-1;2015-01-01;2022-09-01
BAR-EQ-103vA15-1;BAR;EQ;BAR-EQ-103;Appareil de réfrigération ménager de classe A++ ou A+++;A15-1;2015-01-01;2022-09-01
BAR-EQ-110vA15-1;BAR;EQ;BAR-EQ-110;Luminaire à modules LED avec dispositif de contrôle pour les parties communes;A15-1;2015-01-01;
BAR-EQ-111vA26-1;BAR;EQ;BAR-EQ-111;Lampe à LED de classe A+ (< 01/10/2017) - Lampe de classe A++ (> 01/10/2017);A26-1;2017-07-26;2022-04-01
BAR-EQ-112vA15-2;BAR;EQ;BAR-EQ-112;Systèmes hydroéconomes (France métropolitaine);A15-2;2015-01-01;2016-05-01
BAR-EQ-113vA17-1;BAR;EQ;BAR-EQ-113;Dispositif d'affichage et d'interprétation des consommations pour un logement chauffé à l'électricité;A17-1;2015-01-01;2019-01-01
BAR-EQ-114vA17-1;BAR;EQ;BAR-EQ-114;Dispositif d'affichage et d'interprétation des consommations d'énergie pour un logement chauffé au combustible;A17-1;2015-01-01;2019-01-01
BAR-EQ-115vA28-1;BAR;EQ;BAR-EQ-115;Dispositif d'affichage et d'interprétation des consommations d'énergie;A28-1;2018-12-06;
BAR-SE-104vA19-1;BAR;SE;BAR-SE-104;Réglage des organes d'équilibrage d'une installation de chauffage à eau chaude;A19-1;2015-01-01;
BAR-SE-105vA28-1;BAR;SE;BAR-SE-105;Contrat de Performance Energétique Services (CPE Services);A28-1;2018-12-06;
BAR-SE-106vA32-1;BAR;SE;BAR-SE-106;Service de suivi des consommations d'énergie;A32-1;2020-01-10;
BAR-SE-107vA37-1;BAR;SE;BAR-SE-107;Abaissement de la température de retour vers un réseau de chaleur;A37-1;2021-12-17;
BAR-SE-108vA65-2;BAR;SE;BAR-SE-108;Désembouage d'un réseau hydraulique individuel de chauffage en France métropolitaine;A65-2;2025-04-01;
BAR-SE-109vA65-2;BAR;SE;BAR-SE-109;Désembouage d'un réseau hydraulique de chauffage collectif en France métropolitaine;A65-2;2025-04-01;
BAR-TH-101vA62-2;BAR;TH;BAR-TH-101;Chauffe-eau solaire individuel (France métropolitaine);A62-2;2025-01-01;
BAR-TH-102vA17-1;BAR;TH;BAR-TH-102;Chauffe-eau solaire collectif (France métropolitaine);A17-1;2015-01-01;
BAR-TH-104vA41-1;BAR;TH;BAR-TH-104;Pompe à chaleur de type air/eau ou eau/eau;A41-1;2021-12-17;2024-01-01
BAR-TH-106vA23-2;BAR;TH;BAR-TH-106;Chaudière individuelle à haute performance énergétique;A23-2;2016-10-20;2024-01-01
BAR-TH-107-SEvA14-1;BAR;TH;BAR-TH-107-SE;Chaudière collective haute performance énergétique avec contrat assurant la conduite de l'installation;A14-1;2015-01-01;2025-01-01
BAR-TH-107vA14-1;BAR;TH;BAR-TH-107;Chaudière collective haute performance énergétique;A14-1;2015-01-01;2025-01-01
BAR-TH-110vA16-1;BAR;TH;BAR-TH-110;Radiateur basse température pour un chauffage central;A16-1;2015-01-01;
BAR-TH-111vA17-1;BAR;TH;BAR-TH-111;Régulation par sonde de température extérieure;A17-1;2015-01-01;
BAR-TH-112vA46-3;BAR;TH;BAR-TH-112;Appareil indépendant de chauffage au bois;A46-3;2015-01-01;
BAR-TH-113vA41-3;BAR;TH;BAR-TH-113;Chaudière biomasse individuelle;A41-3;2015-01-01;
BAR-TH-115vA20-1;BAR;TH;BAR-TH-115;Isolation d'un réseau hydraulique de chauffage;A20-1;2016-02-08;2018-04-01
BAR-TH-116vA17-1;BAR;TH;BAR-TH-116;Plancher chauffant hydraulique à basse température;A17-1;2015-01-01;
BAR-TH-117vA14-1;BAR;TH;BAR-TH-117;Robinet thermostatique;A14-1;2015-01-01;
BAR-TH-118vA14-1;BAR;TH;BAR-TH-118;Système de régulation par programmation d'intermittence;A14-1;2015-01-01;2024-01-01
BAR-TH-121vA27-1;BAR;TH;BAR-TH-121;Système de comptage individuel d'énergie de chauffage;A27-1;2017-12-22;2020-10-01
BAR-TH-122vA15-1;BAR;TH;BAR-TH-122;Récupérateur de chaleur à condensation;A15-1;2015-01-01;
BAR-TH-123vA54-2;BAR;TH;BAR-TH-123;Optimiseur de relance en chauffage collectif;A54-2;2015-01-01;
BAR-TH-124vA35-1;BAR;TH;BAR-TH-124;Chauffe-eau solaire individuel (France d'outre mer);A35-1;2020-07-24;
BAR-TH-125vA54-5;BAR;TH;BAR-TH-125;Système de ventilation double flux autoréglable ou modulé à haute performance (France métropolitaine);A54-5;2015-01-01;
BAR-TH-127vA58-6;BAR;TH;BAR-TH-127;Ventilation mécanique simple flux hygroréglable (France métropolitaine);A58-6;2015-01-01;
BAR-TH-129vA27-1;BAR;TH;BAR-TH-129;Pompe à chaleur de type air/air;A27-1;2017-12-22;
BAR-TH-130vA58-3;BAR;TH;BAR-TH-130;Surperformance énergétique pour un bâtiment neuf (France métropolitaine);A58-3;2015-01-01;
BAR-TH-131vA20-1;BAR;TH;BAR-TH-131;Isolation d'un réseau hydraulique d'eau chaude sanitaire;A20-1;2016-02-08;2018-04-01
BAR-TH-135vA35-2;BAR;TH;BAR-TH-135;Chauffe-eau solaire collectif (France d'outre mer);A35-2;2020-07-24;
BAR-TH-137vA45-3;BAR;TH;BAR-TH-137;Raccordement d'un bâtiment résidentiel à un réseau de chaleur;A45-3;2017-07-26;
BAR-TH-139vA23-2;BAR;TH;BAR-TH-139;Système de variation électronique de vitesse sur une pompe;A23-2;2016-10-20;
BAR-TH-141vA15-1;BAR;TH;BAR-TH-141;Climatiseur performant (France d'outre-mer);A15-1;2015-01-01;
BAR-TH-143vA51-5;BAR;TH;BAR-TH-143;Système solaire combiné (France métropolitaine);A51-5;2015-01-01;
BAR-TH-145vA52-1;BAR;TH;BAR-TH-145;Rénovation globale d'un bâtiment résidentiel (France métropolitaine);A52-1;2023-06-13;2024-11-01
BAR-TH-148vA15-2;BAR;TH;BAR-TH-148;Chauffe-eau thermodynamique à accumulation;A15-2;2015-01-01;
BAR-TH-150vA14-1;BAR;TH;BAR-TH-150;Pompe à chaleur collective à absorption de type air/eau ou eau/eau;A14-1;2015-01-01;
BAR-TH-155vA40-4;BAR;TH;BAR-TH-155;Ventilation hybride hygroréglable (France métropolitaine);A40-4;2015-01-01;
BAR-TH-158vA35-2;BAR;TH;BAR-TH-158;Émetteur électrique à régulation électronique à fonctions avancées;A35-2;2020-07-24;
BAR-TH-159vA50-4;BAR;TH;BAR-TH-159;Pompe à chaleur hybride individuelle;A50-4;2015-01-01;
BAR-TH-160vA54-4;BAR;TH;BAR-TH-160;Isolation d'un réseau hydraulique de chauffage ou d'eau chaude sanitaire;A54-4;2015-01-01;
BAR-TH-161vA54-2;BAR;TH;BAR-TH-161;Isolation de points singuliers d'un réseau;A54-2;2015-01-01;
BAR-TH-162vA28-1;BAR;TH;BAR-TH-162;Système énergétique comportant des capteurs solaires photovoltaïques et thermiques à circulation d'eau (France métropolitaine);A28-1;2018-12-06;
BAR-TH-163vA61-3;BAR;TH;BAR-TH-163;Conduit d'évacuation des produits de combustion;A61-3;2024-03-30;2024-12-31
BAR-TH-164vA52-1;BAR;TH;BAR-TH-164;Rénovation globale d'une maison individuelle (France métropolitaine);A52-1;2023-06-13;2024-01-01
BAR-TH-165vA34-1;BAR;TH;BAR-TH-165;Chaudière biomasse collective;A34-1;2020-07-24;
BAR-TH-166vA38-1;BAR;TH;BAR-TH-166;Pompe à chaleur collective de type air/eau ou eau/eau;A38-1;2015-01-01;
BAR-TH-167vA38-1;BAR;TH;BAR-TH-167;Chauffe-bain individuel à haut rendement ou à condensation (France métropolitaine);A38-1;2015-01-01;
BAR-TH-168vA65-2;BAR;TH;BAR-TH-168;Dispositif solaire thermique (France métropolitaine);A65-2;2025-04-01;
BAR-TH-169vA65-2;BAR;TH;BAR-TH-169;Pompe à chaleur collective de type air/eau ou eau/eau pour l'eau chaude sanitaire;A65-2;2025-04-01;
BAR-TH-170vA54-1;BAR;TH;BAR-TH-170;Récupération de chaleur fatale issue de serveurs informatiques pour l'eau chaude sanitaire collective;A54-1;2023-09-15;
BAR-TH-171vA62-2;BAR;TH;BAR-TH-171;Pompe à chaleur de type air/eau;A62-2;2025-01-01;
BAR-TH-172vA62-2;BAR;TH;BAR-TH-172;Pompe à chaleur de type eau/eau ou sol/eau;A62-2;2025-01-01;
BAR-TH-173vA56-1;BAR;TH;BAR-TH-173;Système de régulation par programmation horaire pièce par pièce;A56-1;2015-01-01;
BAR-TH-174vA57-1;BAR;TH;BAR-TH-174;Rénovation d'ampleur d'une maison individuelle (France métropolitaine);A57-1;2015-01-01;
BAR-TH-175vA57-1;BAR;TH;BAR-TH-175;Rénovation d'ampleur d'un appartement (France métropolitaine);A57-1;2015-01-01;
BAR-TH-176vA58-1;BAR;TH;BAR-TH-176;Système de régulation de la consommation d'un chauffe-eau électrique à effet Joule;A58-1;2015-01-01;
BAR-TH-177vA63-1;BAR;TH;BAR-TH-177;Rénovation globale d'un bâtiment résidentiel collectif (France métropolitaine);A63-1;2024-11-01;
BAT-EN-101vA64-4;BAT;EN;BAT-EN-101;Isolation de combles ou de toitures;A64-4;2025-01-01;
BAT-EN-102vA64-3;BAT;EN;BAT-EN-102;Isolation des murs;A64-3;2025-01-01;
BAT-EN-103vA64-4;BAT;EN;BAT-EN-103;Isolation d'un plancher;A64-4;2025-01-01;
BAT-EN-104vA54-3;BAT;EN;BAT-EN-104;Fenêtre ou porte-fenêtre complète avec vitrage isolant;A54-3;2015-01-01;
BAT-EN-106vA64-3;BAT;EN;BAT-EN-106;Isolation de combles ou de toitures (France d'outre-mer);A64-3;2025-01-01;
BAT-EN-107vA64-3;BAT;EN;BAT-EN-107;Isolation des toitures terrasses;A64-3;2025-01-01;
BAT-EN-108vA19-1;BAT;EN;BAT-EN-108;Isolation des murs (France d'outre-mer);A19-1;2015-01-01;
BAT-EN-109vA24-1;BAT;EN;BAT-EN-109;Réduction des apports solaires par la toiture (France d'outre mer);A24-1;2016-12-14;
BAT-EN-110vA25-1;BAT;EN;BAT-EN-110;Protections des baies contre le rayonnement solaire (France d'outre-mer);A25-1;2017-03-02;
BAT-EN-111vA38-1;BAT;EN;BAT-EN-111;Fenêtre ou porte-fenêtre complète avec vitrage pariétodynamique (France métropolitaine);A38-1;2015-01-01;
BAT-EN-112vA38-1;BAT;EN;BAT-EN-112;Revêtements réflectifs en toiture;A38-1;2016-02-08;
BAT-EN-113vA54-1;BAT;EN;BAT-EN-113;Façade rideau ou semi-rideau avec vitrage isolant;A54-1;2023-06-13;
BAT-EQ-111vA16-1;BAT;EQ;BAT-EQ-111;Luminaires à modules LED pour surfaces commerciales;A16-1;2015-01-01;2019-04-01
BAT-EQ-114vA24-1;BAT;EQ;BAT-EQ-114;Éclairage LED pour meubles frigorifiques verticaux;A24-1;2016-12-14;2019-04-01
BAT-EQ-116vA14-1;BAT;EQ;BAT-EQ-116;Lampe à LED de classe A+ (France d'outre- mer);A14-1;2015-01-01;2019-04-01
BAT-EQ-117vA40-2;BAT;EQ;BAT-EQ-117;Installation frigorifique utilisant du CO2 subcritique ou transcritique;A40-2;2015-01-01;
BAT-EQ-123vA25-1;BAT;EQ;BAT-EQ-123;Moto-variateur synchrone à aimants permanents ou à reluctance;A25-1;2017-03-02;
BAT-EQ-124vA15-1;BAT;EQ;BAT-EQ-124;Fermeture des meubles frigorifiques de vente à température positive;A15-1;2015-01-01;
BAT-EQ-125vA22-1;BAT;EQ;BAT-EQ-125;Fermeture des meubles frigorifiques de vente à température négative;A22-1;2016-06-02;
BAT-EQ-126vA16-1;BAT;EQ;BAT-EQ-126;Lampe ou luminaire à modules LED pour l'éclairage d'accentuation;A16-1;2015-01-01;2018-04-01
BAT-EQ-127vA40-4;BAT;EQ;BAT-EQ-127;Luminaire d'éclairage général à modules LED;A40-4;2015-01-01;
BAT-EQ-129vA26-1;BAT;EQ;BAT-EQ-129;Lanterneaux d'éclairage zénithal (France Métropolitaine);A26-1;2017-07-26;
BAT-EQ-130vA22-1;BAT;EQ;BAT-EQ-130;Système de condensation frigorifique à haute efficacité;A22-1;2016-06-02;
BAT-EQ-131vA15-1;BAT;EQ;BAT-EQ-131;Conduits de lumière naturelle;A15-1;2015-01-01;
BAT-EQ-132vA19-2;BAT;EQ;BAT-EQ-132;Tubes à LED à éclairage hémisphérique;A19-2;2015-01-01;2019-04-01
BAT-EQ-133vA17-1;BAT;EQ;BAT-EQ-133;Systèmes hydro-économes (France métropolitaine);A17-1;2015-01-01;
BAT-EQ-134vA58-2;BAT;EQ;BAT-EQ-134;Meuble frigorifique de vente performant avec groupe de production de froid intégré;A58-2;2015-01-01;
BAT-EQ-135vA65-2;BAT;EQ;BAT-EQ-135;Dispositif performant d'alimentation sans interruption;A65-2;2025-04-01;
BAT-SE-103vA19-1;BAT;SE;BAT-SE-103;Réglage des organes d'équilibrage d'une installation de chauffage à eau chaude;A19-1;2015-01-01;
BAT-SE-104vA31-1;BAT;SE;BAT-SE-104;Contrat de performance énergétique Services (CPE Services) Chauffage;A31-1;2019-07-31;
BAT-SE-105vA32-1;BAT;SE;BAT-SE-105;Abaissement de la température de retour vers un réseau de chaleur;A32-1;2020-01-10;
BAT-TH-102vA28-1;BAT;TH;BAT-TH-102;Chaudière collective haute performance énergétique;A28-1;2018-12-06;2025-01-01
BAT-TH-103vA31-1;BAT;TH;BAT-TH-103;Plancher chauffant hydraulique à basse température;A31-1;2020-01-10;
BAT-TH-104vA32-1;BAT;TH;BAT-TH-104;Robinet thermostatique;A32-1;2020-01-10;
BAT-TH-105vA32-1;BAT;TH;BAT-TH-105;Radiateur basse température pour un chauffage central;A32-1;2020-01-10;
BAT-TH-106vA20-1;BAT;TH;BAT-TH-106;Isolation d'un réseau hydraulique de chauffage;A20-1;2016-02-08;2018-04-01
BAT-TH-108vA22-1;BAT;TH;BAT-TH-108;Système de régulation par programmation d'intermittence;A22-1;2016-06-02;
BAT-TH-109vA54-3;BAT;TH;BAT-TH-109;Optimiseur de relance en chauffage collectif comprenant une fonction auto-adaptative;A54-3;2015-01-01;
BAT-TH-110vA15-1;BAT;TH;BAT-TH-110;Récupérateur de chaleur à condensation;A15-1;2015-01-01;
BAT-TH-111vA17-1;BAT;TH;BAT-TH-111;Chauffe-eau solaire collectif (France métropolitaine);A17-1;2015-01-01;
BAT-TH-112vA22-1;BAT;TH;BAT-TH-112;Système de variation électronique de vitesse sur un moteur asynchrone;A22-1;2016-06-02;
BAT-TH-113vA54-4;BAT;TH;BAT-TH-113;Pompe à chaleur de type air/eau ou eau/eau;A54-4;2015-01-01;
BAT-TH-115vA15-2;BAT;TH;BAT-TH-115;Climatiseur performant (France d'outre mer);A15-2;2015-01-01;
BAT-TH-116vA62-6;BAT;TH;BAT-TH-116;Système de gestion technique du bâtiment pour le chauffage, l'eau chaude sanitaire, le refroidissement/climatisation, l'éclairage et les auxiliaires;A62-6;2025-01-01;
BAT-TH-119vA20-1;BAT;TH;BAT-TH-119;Isolation d'un réseau hydraulique d'eau chaude sanitaire;A20-1;2016-02-08;2018-04-01
BAT-TH-121vA35-1;BAT;TH;BAT-TH-121;Chauffe-eau solaire (France d'outre mer);A35-1;2020-07-24;
BAT-TH-122vA22-1;BAT;TH;BAT-TH-122;Programmateur d'intermittence pour la climatisation (France d'outre-mer);A22-1;2016-06-02;
BAT-TH-125vA32-1;BAT;TH;BAT-TH-125;Ventilation mécanique simple flux à débit d'air constant ou modulé;A32-1;2020-01-10;
BAT-TH-126vA32-1;BAT;TH;BAT-TH-126;Ventilation mécanique double flux avec échangeur à débit d'air constant ou modulé;A32-1;2020-01-10;
BAT-TH-127vA45-4;BAT;TH;BAT-TH-127;Raccordement d'un bâtiment tertiaire à un réseau de chaleur;A45-4;2015-01-01;
BAT-TH-134vA22-1;BAT;TH;BAT-TH-134;Système de régulation sur un groupe de production de froid permettant d'avoir une haute pression flottante (France métropolitaine);A22-1;2016-06-02;
BAT-TH-135vA26-1;BAT;TH;BAT-TH-135;Système de régulation sur un groupe de production de froid permettant d'avoir une haute pression flottante (France d'outre-mer);A26-1;2017-07-26;
BAT-TH-139vA35-1;BAT;TH;BAT-TH-139;Système de récupération de chaleur sur un groupe de production de froid;A35-1;2020-07-24;
BAT-TH-140vA28-1;BAT;TH;BAT-TH-140;Pompe à chaleur à absorption de type air/eau ou eau/eau;A28-1;2018-12-06;
BAT-TH-141vA28-1;BAT;TH;BAT-TH-141;Pompe à chaleur à moteur gaz de type air/eau;A28-1;2019-07-31;
BAT-TH-142vA54-3;BAT;TH;BAT-TH-142;Système de déstratification d'air;A54-3;2015-01-01;
BAT-TH-143vA16-1;BAT;TH;BAT-TH-143;Ventilo-convecteurs haute performance;A16-1;2015-01-01;
BAT-TH-145vA23-1;BAT;TH;BAT-TH-145;Système de régulation sur un groupe de production de froid permettant d'avoir une basse pression flottante (France métropolitaine);A23-1;2016-10-20;
BAT-TH-146vA54-4;BAT;TH;BAT-TH-146;Isolation d'un réseau hydraulique de chauffage ou d'eau chaude sanitaire;A54-4;2015-01-01;
BAT-TH-153vA28-1;BAT;TH;BAT-TH-153;Système de confinement des allées froides et allées chaudes dans un Data Center;A28-1;2018-12-06;
BAT-TH-154vA28-1;BAT;TH;BAT-TH-154;Récupération instantanée de chaleur sur eaux grises;A28-1;2018-12-06;
BAT-TH-155vA54-2;BAT;TH;BAT-TH-155;Isolation de points singuliers d'un réseau;A54-2;2015-01-01;
BAT-TH-156vA31-1;BAT;TH;BAT-TH-156;Freecooling par eau de refroidissement en substitution d'un groupe froid pour la climatisation;A31-1;2019-07-31;
BAT-TH-157vA50-2;BAT;TH;BAT-TH-157;Chaudière biomasse collective;A50-2;2015-01-01;
BAT-TH-158vA62-3;BAT;TH;BAT-TH-158;Pompe à chaleur réversible de type air/air;A62-3;2025-01-01;
BAT-TH-159vA40-1;BAT;TH;BAT-TH-159;Raccordement d'un bâtiment tertiaire à un réseau de froid;A40-1;2015-01-01;
BAT-TH-160vA54-1;BAT;TH;BAT-TH-160;Vannes de régulation étanches à servomoteurs économes (France métropolitaine);A54-1;2023-09-15;2024-09-01
BAT-TH-161vA62-1;BAT;TH;BAT-TH-161;Maintien en température des groupes électrogènes de secours par pompe à chaleur de type air/eau;A62-1;2024-08-31;
IND-BA-110vA20-1;IND;BA;IND-BA-110;Dé-stratificateur ou brasseur d'air;A20-1;2016-02-08;
IND-BA-112vA17-1;IND;BA;IND-BA-112;Système de récupération de chaleur sur une tour aéroréfrigérante;A17-1;2015-01-01;
IND-BA-113vA26-1;IND;BA;IND-BA-113;Lanterneaux d'éclairage zénithal (France Métropolitaine);A26-1;2017-07-26;
IND-BA-114vA15-1;IND;BA;IND-BA-114;Conduits de lumière naturelle;A15-1;2015-01-01;
IND-BA-115vA19-2;IND;BA;IND-BA-115;Tubes à LED à éclairage hémisphérique;A19-2;2015-01-01;2019-04-01
IND-BA-116vA40-2;IND;BA;IND-BA-116;Luminaires à modules LED;A40-2;2016-12-14;
IND-BA-117vA27-1;IND;BA;IND-BA-117;Chauffage décentralisé performant;A27-1;2017-12-22;
IND-EN-101vA23-1;IND;EN;IND-EN-101;Isolation des murs (France d'outre-mer);A23-1;2016-10-20;
IND-EN-102vA64-3;IND;EN;IND-EN-102;Isolation de combles ou de toitures (France d'outre-mer);A64-3;2025-01-01;
IND-UT-102vA19-2;IND;UT;IND-UT-102;Système de variation électronique de vitesse sur un moteur asynchrone;A19-2;2015-01-01;
IND-UT-103vA17-1;IND;UT;IND-UT-103;Système de récupération de chaleur sur un compresseur d'air;A17-1;2015-01-01;
IND-UT-104vA14-1;IND;UT;IND-UT-104;Économiseur sur les effluents gazeux d'une chaudière de production de vapeur;A14-1;2015-01-01;
IND-UT-105vA14-1;IND;UT;IND-UT-105;Brûleur micromodulant sur chaudière industrielle;A14-1;2015-01-01;
IND-UT-112vA14-1;IND;UT;IND-UT-112;Moteur haut rendement de classe IE2;A14-1;2015-01-01;2022-04-01
IND-UT-113vA14-1;IND;UT;IND-UT-113;Système de condensation frigorifique à haute efficacité;A14-1;2015-01-01;
IND-UT-114vA24-1;IND;UT;IND-UT-114;Moto-variateur synchrone à aimants permanents ou à reluctance;A24-1;2016-12-14;
IND-UT-115vA15-1;IND;UT;IND-UT-115;Système de régulation sur un groupe de production de froid permettant d'avoir une basse pression flottante;A15-1;2015-01-01;
IND-UT-116vA14-1;IND;UT;IND-UT-116;Système de régulation sur un groupe de production de froid permettant d'avoir une haute pression flottante;A14-1;2015-01-01;
IND-UT-117vA35-1;IND;UT;IND-UT-117;Système de récupération de chaleur sur un groupe de production de froid;A35-1;2020-12-18;
IND-UT-118vA14-1;IND;UT;IND-UT-118;Brûleur avec dispositif de récupération de chaleur sur un four industriel;A14-1;2015-01-01;
IND-UT-120vA14-1;IND;UT;IND-UT-120;Compresseur d'air basse pression à vis ou centrifuge;A14-1;2015-01-01;
IND-UT-121vA54-4;IND;UT;IND-UT-121;Matelas pour l'isolation de points singuliers;A54-4;2015-01-01;
IND-UT-122vA14-1;IND;UT;IND-UT-122;Sécheur d'air comprimé à adsorption utilisant un apport calorifique pour sa régénération;A14-1;2015-01-01;
IND-UT-123vA14-1;IND;UT;IND-UT-123;Moteur premium de classe IE3;A14-1;2015-01-01;2022-09-01
IND-UT-124vA14-1;IND;UT;IND-UT-124;Séquenceur électronique pour le pilotage d'une centrale de production d'air comprimé;A14-1;2015-01-01;
IND-UT-125vA14-1;IND;UT;IND-UT-125;Traitement d'eau performant sur chaudière de production de vapeur;A14-1;2015-01-01;
IND-UT-127vA25-1;IND;UT;IND-UT-127;Système de transmission performant;A25-1;2017-03-02;
IND-UT-129vA32-1;IND;UT;IND-UT-129;Presse à injecter tout électrique ou hybride;A32-1;2020-05-04;
IND-UT-130vA19-1;IND;UT;IND-UT-130;Condenseur sur les effluents gazeux d'une chaudière de production de vapeur;A19-1;2015-01-01;
IND-UT-131vA37-2;IND;UT;IND-UT-131;Isolation thermique des parois planes ou cylindriques sur des installations industrielles (France métropolitaine);A37-2;2016-10-20;
IND-UT-132vA26-1;IND;UT;IND-UT-132;Moteur asynchrone de classe IE4;A26-1;2017-07-26;
IND-UT-133vA28-1;IND;UT;IND-UT-133;Système électronique de pilotage d'un moteur électrique avec récupération d'énergie;A28-1;2018-12-06;
IND-UT-134vA35-2;IND;UT;IND-UT-134;Système de mesurage d'indicateurs de performance énergétique;A35-2;2020-07-24;
IND-UT-135vA31-1;IND;UT;IND-UT-135;Freecooling par eau de refroidissement en substitution d'un groupe froid;A31-1;2019-07-31;
IND-UT-136vA31-1;IND;UT;IND-UT-136;Systèmes moto-régulés;A31-1;2019-07-31;
IND-UT-137vA65-2;IND;UT;IND-UT-137;Mise en place d'un système de pompe(s) à chaleur en rehausse de température de chaleur fatale récupérée;A65-2;2025-01-01;
IND-UT-138vA62-1;IND;UT;IND-UT-138;Conversion de chaleur fatale en électricité ou en air comprimé;A62-1;2025-01-01;
IND-UT-139vA62-1;IND;UT;IND-UT-139;Système de stockage de chaleur fatale;A62-1;2025-01-01;
IND-UT-140vA65-1;IND;UT;IND-UT-140;Mise en veille automatique d'une machine utilisant de l'air comprimé;A65-1;2025-01-01;
RES-CH-101vA16-1;RES;CH;RES-CH-101;Valorisation de chaleur de récupération en réseau (France métropolitaine);A16-1;2015-01-01;2020-04-01
RES-CH-103vA36-3;RES;CH;RES-CH-103;Réhabilitation d'un poste de livraison de chaleur d'un bâtiment tertiaire;A36-3;2015-01-01;
RES-CH-104vA36-3;RES;CH;RES-CH-104;Réhabilitation d'un poste de livraison de chaleur d'un bâtiment résidentiel;A36-3;2015-01-01;
RES-CH-105vA36-3;RES;CH;RES-CH-105;Passage d'un réseau de chaleur en basse température;A36-3;2015-01-01;
RES-CH-106vA60-4;RES;CH;RES-CH-106;Mise en place d'un calorifugeage des canalisations d'un réseau de chaleur;A60-4;2015-01-01;
RES-CH-107vA60-4;RES;CH;RES-CH-107;Isolation de points singuliers sur un réseau de chaleur;A60-4;2024-03-01;
RES-CH-108vA53-4;RES;CH;RES-CH-108;Récupération de chaleur fatale pour valorisation sur un réseau de chaleur ou vers un tiers (France métropolitaine);A53-4;2015-01-01;
RES-EC-101vA14-1;RES;EC;RES-EC-101;Système de régulation de tension en éclairage extérieur;A14-1;2015-01-01;2022-04-01
RES-EC-102vA14-1;RES;EC;RES-EC-102;Système de maîtrise de la puissance réactive en éclairage extérieur;A14-1;2015-01-01;2022-04-01
RES-EC-103vA14-1;RES;EC;RES-EC-103;Système de variation de puissance en éclairage extérieur;A14-1;2015-01-01;2025-01-01
RES-EC-104vA62-2;RES;EC;RES-EC-104;Rénovation d'éclairage extérieur;A62-2;2025-01-01;
RES-EC-107vA14-1;RES;EC;RES-EC-107;Horloge astronomique pour l'éclairage extérieur;A14-1;2015-01-01;2022-01-01
TRA-EQ-101vA14-1;TRA;EQ;TRA-EQ-101;Unité de transport intermodal pour le transport combiné rail-route;A14-1;2015-01-01;
TRA-EQ-103vA14-1;TRA;EQ;TRA-EQ-103;Télématique embarquée pour le suivi de la conduite d'un véhicule;A14-1;2015-01-01;
TRA-EQ-104vA14-1;TRA;EQ;TRA-EQ-104;Lubrifiant économiseur d'énergie pour véhicules légers;A14-1;2015-01-01;
TRA-EQ-106vA14-1;TRA;EQ;TRA-EQ-106;Pneus de véhicules légers à basse résistance au roulement;A14-1;2015-01-01;
TRA-EQ-107vA17-1;TRA;EQ;TRA-EQ-107;Unité de transport intermodal pour le transport combiné fluvial-route;A17-1;2015-01-01;
TRA-EQ-108vA17-1;TRA;EQ;TRA-EQ-108;Wagon d'autoroute ferroviaire;A17-1;2015-01-01;
TRA-EQ-109vA17-1;TRA;EQ;TRA-EQ-109;Barge fluviale;A17-1;2015-01-01;
TRA-EQ-110vA19-1;TRA;EQ;TRA-EQ-110;Automoteur fluvial;A19-1;2015-01-01;
TRA-EQ-111vA24-1;TRA;EQ;TRA-EQ-111;Groupes frigorifiques autonomes à haute efficacité énergétique pour camions, semi remorques, remorques et caisses mobiles frigorifiques;A24-1;2016-12-14;
TRA-EQ-113vA14-1;TRA;EQ;TRA-EQ-113;Lubrifiant économiseur d'énergie pour des véhicules de transport de personnes ou de marchandises;A14-1;2015-01-01;
TRA-EQ-114vA65-2;TRA;EQ;TRA-EQ-114;Remplacement de véhicules par des véhicules neufs performants dans une flotte professionnelle;A65-2;2025-01-01;
TRA-EQ-115vA14-1;TRA;EQ;TRA-EQ-115;Véhicules de transport de marchandises optimisé;A14-1;2015-01-01;
TRA-EQ-117vA65-2;TRA;EQ;TRA-EQ-117;Remplacement de véhicules par des véhicules neufs performants pour les particuliers ou les collectivités;A65-2;2025-01-01;
TRA-EQ-118vA15-1;TRA;EQ;TRA-EQ-118;Lubrifiant économiseur d'énergie pour la pêche professionnelle;A15-1;2015-01-01;
TRA-EQ-119vA17-1;TRA;EQ;TRA-EQ-119;Optimisation de la combustion et de la propreté des moteurs Diesel;A17-1;2015-01-01;
TRA-EQ-120vA27-1;TRA;EQ;TRA-EQ-120;Hélice avec tuyère sur une unité de transport fluvial;A27-1;2017-12-22;
TRA-EQ-121vA54-2;TRA;EQ;TRA-EQ-121;Vélo à assistance électrique;A54-2;2015-01-01;
TRA-EQ-122vA32-1;TRA;EQ;TRA-EQ-122;« Stop & Start » pour engins automoteurs non routiers neufs;A32-1;2020-01-10;
TRA-EQ-123vA38-2;TRA;EQ;TRA-EQ-123;Simulateur de conduite;A38-2;2016-02-08;
TRA-EQ-124vA35-1;TRA;EQ;TRA-EQ-124;Branchement électrique des navires et bateaux à quai;A35-1;2020-07-24;
TRA-EQ-125vA40-2;TRA;EQ;TRA-EQ-125;« Stop & Start » pour véhicules ferroviaires;A40-2;2015-01-01;
TRA-EQ-126vA43-1;TRA;EQ;TRA-EQ-126;Remotorisation en propulsion électrique ou hybride d'un bateau naviguant en eaux intérieures;A43-1;2015-01-01;
TRA-EQ-127vA54-1;TRA;EQ;TRA-EQ-127;Acquisition d'un bateau neuf à propulsion électrique ou hybride, naviguant en eaux intérieures;A54-1;2016-02-08;
TRA-EQ-128vA65-2;TRA;EQ;TRA-EQ-128;Achat ou location d'un autocar ou d'un autobus électrique neuf ou réalisation d'une opération de rétrofit électrique d'autocar ou d'autobus;A65-2;2025-01-01;
TRA-EQ-129vA65-1;TRA;EQ;TRA-EQ-129;Achat ou location d'un véhicule lourd électrique neuf de transport de marchandises ou issu d'une opération de rétrofit électrique;A65-1;2025-01-01;
TRA-EQ-130vA65-1;TRA;EQ;TRA-EQ-130;Achat ou location d'un quadricycle électrique neuf;A65-1;2025-01-01;
TRA-EQ-131vA65-1;TRA;EQ;TRA-EQ-131;Achat ou location, par une personne morale, de vélos-cargos neufs ou reconditionnés;A65-1;2025-01-01;2025-02-21
TRA-EQ-132vA65-1;TRA;EQ;TRA-EQ-132;Appareil de mesure, d'analyse et d'optimisation de la consommation de carburant d'un navire de pêche;A65-1;2025-01-01;
TRA-SE-101vA14-1;TRA;SE;TRA-SE-101;Formation d'un chauffeur de transport à la conduite économe;A14-1;2015-01-01;
TRA-SE-102vA14-1;TRA;SE;TRA-SE-102;Formation d'un chauffeur de véhicule léger à la conduite économe;A14-1;2015-01-01;
TRA-SE-104vA14-1;TRA;SE;TRA-SE-104;Station de gonflage des pneumatiques;A14-1;2015-01-01;
TRA-SE-105vA14-1;TRA;SE;TRA-SE-105;Recreusage des pneumatiques;A14-1;2015-01-01;
TRA-SE-106vA19-2;TRA;SE;TRA-SE-106;Mesure et optimisation des consommations de carburant pour une unité de transport fluvial;A19-2;2015-01-01;
TRA-SE-107vA19-1;TRA;SE;TRA-SE-107;Carénage sur une unité de transport fluvial;A19-1;2015-01-01;
TRA-SE-108vA14-1;TRA;SE;TRA-SE-108;Gestion externalisée de la globalité du poste pneumatique (Véhicules de transport de marchandises);A14-1;2015-01-01;
TRA-SE-109vA14-1;TRA;SE;TRA-SE-109;Gestion externalisée de la globalité du poste pneumatique (Véhicules de transport de personnes);A14-1;2015-01-01;
TRA-SE-110vA14-1;TRA;SE;TRA-SE-110;Gestion optimisée de la globalité du poste pneumatique (Véhicules de transport de marchandises);A14-1;2015-01-01;
TRA-SE-111vA14-1;TRA;SE;TRA-SE-111;Gestion optimisée de la globalité du poste pneumatique (Véhicules de transport de personnes);A14-1;2015-01-01;
TRA-SE-112vA15-1;TRA;SE;TRA-SE-112;Service d'autopartage en boucle;A15-1;2015-01-01;
TRA-SE-113vA14-1;TRA;SE;TRA-SE-113;Suivi des consommations de carburants grâce à des cartes privatives;A14-1;2015-01-01;
TRA-SE-114vA47-1;TRA;SE;TRA-SE-114;Covoiturage de longue distance;A47-1;2022-09-26;2024-06-25
TRA-SE-115vA66-2;TRA;SE;TRA-SE-115;Covoiturage de courte distance;A66-2;2025-01-31;
TRA-SE-116vA54-2;TRA;SE;TRA-SE-116;Fret ferroviaire;A54-2;2015-01-01;
TRA-SE-117vA65-1;TRA;SE;TRA-SE-117;Fret fluvial;A65-1;2025-01-01;
